sample	length	count
LS-35	0	0
LS-35	1	0
LS-35	2	0
LS-35	3	0
LS-35	4	0
LS-35	5	0
LS-35	6	0
LS-35	7	0
LS-35	8	0
LS-35	9	0
LS-35	10	0
LS-35	11	0
LS-35	12	2288
LS-35	13	1117
LS-35	14	567
LS-35	15	1266
LS-35	16	790
LS-35	17	507
LS-35	18	378
LS-35	19	342
LS-35	20	443
LS-35	21	439
LS-35	22	345
LS-35	23	307
LS-35	24	283
LS-35	25	320
LS-35	26	285
LS-35	27	282
LS-35	28	285
LS-35	29	244
LS-35	30	473
LS-35	31	490
LS-35	32	472
LS-35	33	458
LS-35	34	445
LS-35	35	426
LS-35	36	430
LS-35	37	448
LS-35	38	460
LS-35	39	476
LS-35	40	429
LS-35	41	475
LS-35	42	450
LS-35	43	486
LS-35	44	474
LS-35	45	483
LS-35	46	505
LS-35	47	545
LS-35	48	535
LS-35	49	559
LS-35	50	533
LS-35	51	611
LS-35	52	650
LS-35	53	637
LS-35	54	667
LS-35	55	750
LS-35	56	790
LS-35	57	832
LS-35	58	910
LS-35	59	1012
LS-35	60	1018
LS-35	61	1119
LS-35	62	1153
LS-35	63	1279
LS-35	64	1352
LS-35	65	1476
LS-35	66	1595
LS-35	67	1751
LS-35	68	1923
LS-35	69	2129
LS-35	70	2353
LS-35	71	2598
LS-35	72	2806
LS-35	73	3076
LS-35	74	3507
LS-35	75	3787
LS-35	76	3969
LS-35	77	4414
LS-35	78	4852
LS-35	79	5403
LS-35	80	5920
LS-35	81	6385
LS-35	82	7295
LS-35	83	7852
LS-35	84	8535
LS-35	85	9460
LS-35	86	10336
LS-35	87	11282
LS-35	88	12689
LS-35	89	13752
LS-35	90	14915
LS-35	91	16487
LS-35	92	17822
LS-35	93	19374
LS-35	94	21027
LS-35	95	22554
LS-35	96	24583
LS-35	97	26654
LS-35	98	28861
LS-35	99	30676
LS-35	100	33261
LS-35	101	36403
LS-35	102	38671
LS-35	103	41081
LS-35	104	44087
LS-35	105	47392
LS-35	106	50767
LS-35	107	53546
LS-35	108	57046
LS-35	109	60525
LS-35	110	64233
LS-35	111	67525
LS-35	112	71208
LS-35	113	75418
LS-35	114	78966
LS-35	115	82880
LS-35	116	86589
LS-35	117	90524
LS-35	118	95332
LS-35	119	98949
LS-35	120	102578
LS-35	121	106748
LS-35	122	111383
LS-35	123	114823
LS-35	124	119126
LS-35	125	122947
LS-35	126	127850
LS-35	127	130864
LS-35	128	135729
LS-35	129	139723
LS-35	130	142772
LS-35	131	147098
LS-35	132	151139
LS-35	133	154112
LS-35	134	157734
LS-35	135	161085
LS-35	136	165350
LS-35	137	168613
LS-35	138	171745
LS-35	139	175341
LS-35	140	177441
LS-35	141	181142
LS-35	142	183866
LS-35	143	187405
LS-35	144	189250
LS-35	145	192702
LS-35	146	196023
LS-35	147	207186
LS-35	148	197787
LS-35	149	192762
LS-35	150	195297
LS-35	151	209261
LS-35	152	211987
LS-35	153	215045
LS-35	154	216240
LS-35	155	219039
LS-35	156	220586
LS-35	157	223495
LS-35	158	224269
LS-35	159	226557
LS-35	160	228257
LS-35	161	230095
LS-35	162	231289
LS-35	163	233872
LS-35	164	235114
LS-35	165	236802
LS-35	166	238888
LS-35	167	239254
LS-35	168	240514
LS-35	169	241993
LS-35	170	242502
LS-35	171	243349
LS-35	172	244192
LS-35	173	245521
LS-35	174	247028
LS-35	175	247551
LS-35	176	248328
LS-35	177	248729
LS-35	178	250101
LS-35	179	250566
LS-35	180	250007
LS-35	181	251652
LS-35	182	252693
LS-35	183	252699
LS-35	184	252880
LS-35	185	253181
LS-35	186	253879
LS-35	187	253804
LS-35	188	254286
LS-35	189	254952
LS-35	190	254437
LS-35	191	254351
LS-35	192	254938
LS-35	193	254090
LS-35	194	253387
LS-35	195	253878
LS-35	196	253656
LS-35	197	253681
LS-35	198	254086
LS-35	199	252005
LS-35	200	252500
LS-35	201	253914
LS-35	202	251540
LS-35	203	251255
LS-35	204	251488
LS-35	205	250303
LS-35	206	250130
LS-35	207	249678
LS-35	208	249264
LS-35	209	247710
LS-35	210	247317
LS-35	211	247304
LS-35	212	245405
LS-35	213	245919
LS-35	214	245039
LS-35	215	243188
LS-35	216	243097
LS-35	217	241308
LS-35	218	240959
LS-35	219	240962
LS-35	220	239764
LS-35	221	237710
LS-35	222	238301
LS-35	223	236900
LS-35	224	235805
LS-35	225	234597
LS-35	226	233914
LS-35	227	233144
LS-35	228	232043
LS-35	229	230259
LS-35	230	230078
LS-35	231	229083
LS-35	232	227425
LS-35	233	226552
LS-35	234	225571
LS-35	235	224623
LS-35	236	222568
LS-35	237	221686
LS-35	238	220676
LS-35	239	218918
LS-35	240	217593
LS-35	241	216347
LS-35	242	215625
LS-35	243	214613
LS-35	244	213341
LS-35	245	212038
LS-35	246	210658
LS-35	247	208919
LS-35	248	208417
LS-35	249	205569
LS-35	250	204637
LS-35	251	204247
LS-35	252	203076
LS-35	253	202195
LS-35	254	199952
LS-35	255	198827
LS-35	256	197419
LS-35	257	195789
LS-35	258	194744
LS-35	259	194209
LS-35	260	191545
LS-35	261	190294
LS-35	262	189349
LS-35	263	187209
LS-35	264	186474
LS-35	265	185057
LS-35	266	182940
LS-35	267	182069
LS-35	268	181020
LS-35	269	179117
LS-35	270	177655
LS-35	271	176134
LS-35	272	175352
LS-35	273	173631
LS-35	274	171258
LS-35	275	170660
LS-35	276	169129
LS-35	277	166769
LS-35	278	165666
LS-35	279	163911
LS-35	280	162773
LS-35	281	160234
LS-35	282	158416
LS-35	283	156456
LS-35	284	154342
LS-35	285	149815
LS-35	286	142082
LS-35	287	136493
LS-35	288	123392
LS-35	289	0
LS-35	290	0
LS-35	291	0
LS-35	292	0
LS-35	293	0
LS-35	294	0
LS-35	295	0
LS-35	296	0
LS-35	297	0
LS-35	298	0
LS-35	299	0
LS-35	300	0
LS-35	301	0
LS-35	302	0
LS-35	303	0
LS-35	304	0
LS-35	305	0
LS-35	306	0
LS-35	307	0
LS-35	308	0
LS-35	309	0
LS-35	310	0
LS-35	311	0
LS-35	312	0
LS-35	313	0
LS-35	314	0
LS-35	315	0
LS-35	316	0
LS-35	317	0
LS-35	318	0
LS-35	319	0
LS-35	320	0
LS-35	321	0
LS-35	322	0
LS-35	323	0
LS-35	324	0
LS-35	325	0
LS-35	326	0
LS-35	327	0
LS-35	328	0
LS-35	329	0
LS-35	330	0
LS-35	331	0
LS-35	332	0
LS-35	333	0
LS-35	334	0
LS-35	335	0
LS-35	336	0
LS-35	337	0
LS-35	338	0
LS-35	339	0
LS-35	340	0
LS-35	341	0
LS-35	342	0
LS-35	343	0
LS-35	344	0
LS-35	345	0
LS-35	346	0
LS-35	347	0
LS-35	348	0
LS-35	349	0
LS-35	350	0
LS-35	351	0
LS-35	352	0
LS-35	353	0
LS-35	354	0
LS-35	355	0
LS-35	356	0
LS-35	357	0
LS-35	358	0
LS-35	359	0
LS-35	360	0
LS-35	361	0
LS-35	362	0
LS-35	363	0
LS-35	364	0
LS-35	365	0
LS-35	366	0
LS-35	367	0
LS-35	368	0
LS-35	369	0
LS-35	370	0
LS-35	371	0
LS-35	372	0
LS-35	373	0
LS-35	374	0
LS-35	375	0
LS-35	376	0
LS-35	377	0
LS-35	378	0
LS-35	379	0
LS-35	380	0
LS-35	381	0
LS-35	382	0
LS-35	383	0
LS-35	384	0
LS-35	385	0
LS-35	386	0
LS-35	387	0
LS-35	388	0
LS-35	389	0
LS-35	390	0
LS-35	391	0
LS-35	392	0
LS-35	393	0
LS-35	394	0
LS-35	395	0
LS-35	396	0
LS-35	397	0
LS-35	398	0
LS-35	399	0
LS-35	400	0
LS-35	401	0
LS-35	402	0
LS-35	403	0
LS-35	404	0
LS-35	405	0
LS-35	406	0
LS-35	407	0
LS-35	408	0
LS-35	409	0
LS-35	410	0
LS-35	411	0
LS-35	412	0
LS-35	413	0
LS-35	414	0
LS-35	415	0
LS-35	416	0
LS-35	417	0
LS-35	418	0
LS-35	419	0
LS-35	420	0
LS-35	421	0
LS-35	422	0
LS-35	423	0
LS-35	424	0
LS-35	425	0
LS-35	426	0
LS-35	427	0
LS-35	428	0
LS-35	429	0
LS-35	430	0
LS-35	431	0
LS-35	432	0
LS-35	433	0
LS-35	434	0
LS-35	435	0
LS-35	436	0
LS-35	437	0
LS-35	438	0
LS-35	439	0
LS-35	440	0
LS-35	441	0
LS-35	442	0
LS-35	443	0
LS-35	444	0
LS-35	445	0
LS-35	446	0
LS-35	447	0
LS-35	448	0
LS-35	449	0
LS-35	450	0
LS-35	451	0
LS-35	452	0
LS-35	453	0
LS-35	454	0
LS-35	455	0
LS-35	456	0
LS-35	457	0
LS-35	458	0
LS-35	459	0
LS-35	460	0
LS-35	461	0
LS-35	462	0
LS-35	463	0
LS-35	464	0
LS-35	465	0
LS-35	466	0
LS-35	467	0
LS-35	468	0
LS-35	469	0
LS-35	470	0
LS-35	471	0
LS-35	472	0
LS-35	473	0
LS-35	474	0
LS-35	475	0
LS-35	476	0
LS-35	477	0
LS-35	478	0
LS-35	479	0
LS-35	480	0
LS-35	481	0
LS-35	482	0
LS-35	483	0
LS-35	484	0
LS-35	485	0
LS-35	486	0
LS-35	487	0
LS-35	488	0
LS-35	489	0
LS-35	490	0
LS-35	491	0
LS-35	492	0
LS-35	493	0
LS-35	494	0
LS-35	495	0
LS-35	496	0
LS-35	497	0
LS-35	498	0
LS-35	499	0
LS-35	500	0
LS-35	501	0
LS-35	502	0
LS-35	503	0
LS-35	504	0
LS-35	505	0
LS-35	506	0
LS-35	507	0
LS-35	508	0
LS-35	509	0
LS-35	510	0
LS-35	511	0
LS-35	512	16643040
LS-55	0	0
LS-55	1	0
LS-55	2	0
LS-55	3	0
LS-55	4	0
LS-55	5	0
LS-55	6	0
LS-55	7	0
LS-55	8	0
LS-55	9	0
LS-55	10	0
LS-55	11	0
LS-55	12	1902
LS-55	13	829
LS-55	14	501
LS-55	15	1051
LS-55	16	579
LS-55	17	378
LS-55	18	272
LS-55	19	252
LS-55	20	342
LS-55	21	284
LS-55	22	213
LS-55	23	194
LS-55	24	204
LS-55	25	260
LS-55	26	210
LS-55	27	202
LS-55	28	177
LS-55	29	166
LS-55	30	333
LS-55	31	314
LS-55	32	351
LS-55	33	322
LS-55	34	277
LS-55	35	286
LS-55	36	305
LS-55	37	307
LS-55	38	311
LS-55	39	305
LS-55	40	334
LS-55	41	304
LS-55	42	324
LS-55	43	308
LS-55	44	313
LS-55	45	342
LS-55	46	312
LS-55	47	317
LS-55	48	334
LS-55	49	310
LS-55	50	323
LS-55	51	375
LS-55	52	366
LS-55	53	396
LS-55	54	400
LS-55	55	395
LS-55	56	434
LS-55	57	431
LS-55	58	464
LS-55	59	449
LS-55	60	467
LS-55	61	505
LS-55	62	485
LS-55	63	555
LS-55	64	538
LS-55	65	605
LS-55	66	562
LS-55	67	584
LS-55	68	616
LS-55	69	662
LS-55	70	619
LS-55	71	677
LS-55	72	715
LS-55	73	774
LS-55	74	828
LS-55	75	824
LS-55	76	909
LS-55	77	872
LS-55	78	914
LS-55	79	916
LS-55	80	988
LS-55	81	1064
LS-55	82	1150
LS-55	83	1157
LS-55	84	1231
LS-55	85	1262
LS-55	86	1368
LS-55	87	1490
LS-55	88	1540
LS-55	89	1584
LS-55	90	1753
LS-55	91	1722
LS-55	92	1893
LS-55	93	2081
LS-55	94	2283
LS-55	95	2497
LS-55	96	2693
LS-55	97	2855
LS-55	98	3062
LS-55	99	3404
LS-55	100	3769
LS-55	101	4213
LS-55	102	4653
LS-55	103	5158
LS-55	104	6012
LS-55	105	6658
LS-55	106	7625
LS-55	107	8564
LS-55	108	9554
LS-55	109	10761
LS-55	110	12064
LS-55	111	13798
LS-55	112	15278
LS-55	113	17210
LS-55	114	19261
LS-55	115	21673
LS-55	116	23968
LS-55	117	26594
LS-55	118	29224
LS-55	119	32229
LS-55	120	35487
LS-55	121	39175
LS-55	122	42973
LS-55	123	46910
LS-55	124	51328
LS-55	125	55866
LS-55	126	60164
LS-55	127	64704
LS-55	128	69414
LS-55	129	74764
LS-55	130	80055
LS-55	131	84889
LS-55	132	90066
LS-55	133	95517
LS-55	134	101993
LS-55	135	106486
LS-55	136	113395
LS-55	137	119836
LS-55	138	125119
LS-55	139	130794
LS-55	140	135937
LS-55	141	141475
LS-55	142	146654
LS-55	143	153397
LS-55	144	157769
LS-55	145	164066
LS-55	146	170116
LS-55	147	185849
LS-55	148	178057
LS-55	149	172770
LS-55	150	178725
LS-55	151	194821
LS-55	152	199306
LS-55	153	203214
LS-55	154	206673
LS-55	155	210796
LS-55	156	214884
LS-55	157	219243
LS-55	158	222503
LS-55	159	226150
LS-55	160	228888
LS-55	161	231717
LS-55	162	234512
LS-55	163	237067
LS-55	164	239432
LS-55	165	241876
LS-55	166	243269
LS-55	167	245814
LS-55	168	246887
LS-55	169	249327
LS-55	170	250940
LS-55	171	250815
LS-55	172	253033
LS-55	173	252399
LS-55	174	254380
LS-55	175	255130
LS-55	176	253712
LS-55	177	254877
LS-55	178	254301
LS-55	179	256389
LS-55	180	255328
LS-55	181	257302
LS-55	182	255739
LS-55	183	255773
LS-55	184	254347
LS-55	185	254490
LS-55	186	252147
LS-55	187	252934
LS-55	188	252236
LS-55	189	250287
LS-55	190	249961
LS-55	191	249298
LS-55	192	248330
LS-55	193	246563
LS-55	194	246151
LS-55	195	243129
LS-55	196	241483
LS-55	197	241701
LS-55	198	240130
LS-55	199	238036
LS-55	200	237203
LS-55	201	234974
LS-55	202	233434
LS-55	203	231166
LS-55	204	230485
LS-55	205	229199
LS-55	206	226816
LS-55	207	225218
LS-55	208	224823
LS-55	209	223099
LS-55	210	220798
LS-55	211	219725
LS-55	212	217401
LS-55	213	215030
LS-55	214	214427
LS-55	215	211827
LS-55	216	210250
LS-55	217	209283
LS-55	218	207265
LS-55	219	204966
LS-55	220	203706
LS-55	221	201622
LS-55	222	200780
LS-55	223	198787
LS-55	224	197177
LS-55	225	194873
LS-55	226	193440
LS-55	227	191940
LS-55	228	189643
LS-55	229	188841
LS-55	230	186849
LS-55	231	185139
LS-55	232	184509
LS-55	233	182482
LS-55	234	180137
LS-55	235	179609
LS-55	236	177775
LS-55	237	175915
LS-55	238	174760
LS-55	239	172818
LS-55	240	172113
LS-55	241	170290
LS-55	242	169003
LS-55	243	167569
LS-55	244	166077
LS-55	245	164777
LS-55	246	162972
LS-55	247	161763
LS-55	248	160619
LS-55	249	158709
LS-55	250	157810
LS-55	251	156770
LS-55	252	155616
LS-55	253	153336
LS-55	254	151579
LS-55	255	150698
LS-55	256	150471
LS-55	257	147954
LS-55	258	146279
LS-55	259	145871
LS-55	260	144707
LS-55	261	144041
LS-55	262	143011
LS-55	263	141041
LS-55	264	139575
LS-55	265	138205
LS-55	266	137349
LS-55	267	136567
LS-55	268	134839
LS-55	269	134296
LS-55	270	133572
LS-55	271	132303
LS-55	272	131119
LS-55	273	129555
LS-55	274	128673
LS-55	275	127216
LS-55	276	125732
LS-55	277	123965
LS-55	278	122711
LS-55	279	122036
LS-55	280	120904
LS-55	281	118875
LS-55	282	117764
LS-55	283	116246
LS-55	284	113945
LS-55	285	111525
LS-55	286	105356
LS-55	287	100708
LS-55	288	91411
LS-55	289	0
LS-55	290	0
LS-55	291	0
LS-55	292	0
LS-55	293	0
LS-55	294	0
LS-55	295	0
LS-55	296	0
LS-55	297	0
LS-55	298	0
LS-55	299	0
LS-55	300	0
LS-55	301	0
LS-55	302	0
LS-55	303	0
LS-55	304	0
LS-55	305	0
LS-55	306	0
LS-55	307	0
LS-55	308	0
LS-55	309	0
LS-55	310	0
LS-55	311	0
LS-55	312	0
LS-55	313	0
LS-55	314	0
LS-55	315	0
LS-55	316	0
LS-55	317	0
LS-55	318	0
LS-55	319	0
LS-55	320	0
LS-55	321	0
LS-55	322	0
LS-55	323	0
LS-55	324	0
LS-55	325	0
LS-55	326	0
LS-55	327	0
LS-55	328	0
LS-55	329	0
LS-55	330	0
LS-55	331	0
LS-55	332	0
LS-55	333	0
LS-55	334	0
LS-55	335	0
LS-55	336	0
LS-55	337	0
LS-55	338	0
LS-55	339	0
LS-55	340	0
LS-55	341	0
LS-55	342	0
LS-55	343	0
LS-55	344	0
LS-55	345	0
LS-55	346	0
LS-55	347	0
LS-55	348	0
LS-55	349	0
LS-55	350	0
LS-55	351	0
LS-55	352	0
LS-55	353	0
LS-55	354	0
LS-55	355	0
LS-55	356	0
LS-55	357	0
LS-55	358	0
LS-55	359	0
LS-55	360	0
LS-55	361	0
LS-55	362	0
LS-55	363	0
LS-55	364	0
LS-55	365	0
LS-55	366	0
LS-55	367	0
LS-55	368	0
LS-55	369	0
LS-55	370	0
LS-55	371	0
LS-55	372	0
LS-55	373	0
LS-55	374	0
LS-55	375	0
LS-55	376	0
LS-55	377	0
LS-55	378	0
LS-55	379	0
LS-55	380	0
LS-55	381	0
LS-55	382	0
LS-55	383	0
LS-55	384	0
LS-55	385	0
LS-55	386	0
LS-55	387	0
LS-55	388	0
LS-55	389	0
LS-55	390	0
LS-55	391	0
LS-55	392	0
LS-55	393	0
LS-55	394	0
LS-55	395	0
LS-55	396	0
LS-55	397	0
LS-55	398	0
LS-55	399	0
LS-55	400	0
LS-55	401	0
LS-55	402	0
LS-55	403	0
LS-55	404	0
LS-55	405	0
LS-55	406	0
LS-55	407	0
LS-55	408	0
LS-55	409	0
LS-55	410	0
LS-55	411	0
LS-55	412	0
LS-55	413	0
LS-55	414	0
LS-55	415	0
LS-55	416	0
LS-55	417	0
LS-55	418	0
LS-55	419	0
LS-55	420	0
LS-55	421	0
LS-55	422	0
LS-55	423	0
LS-55	424	0
LS-55	425	0
LS-55	426	0
LS-55	427	0
LS-55	428	0
LS-55	429	0
LS-55	430	0
LS-55	431	0
LS-55	432	0
LS-55	433	0
LS-55	434	0
LS-55	435	0
LS-55	436	0
LS-55	437	0
LS-55	438	0
LS-55	439	0
LS-55	440	0
LS-55	441	0
LS-55	442	0
LS-55	443	0
LS-55	444	0
LS-55	445	0
LS-55	446	0
LS-55	447	0
LS-55	448	0
LS-55	449	0
LS-55	450	0
LS-55	451	0
LS-55	452	0
LS-55	453	0
LS-55	454	0
LS-55	455	0
LS-55	456	0
LS-55	457	0
LS-55	458	0
LS-55	459	0
LS-55	460	0
LS-55	461	0
LS-55	462	0
LS-55	463	0
LS-55	464	0
LS-55	465	0
LS-55	466	0
LS-55	467	0
LS-55	468	0
LS-55	469	0
LS-55	470	0
LS-55	471	0
LS-55	472	0
LS-55	473	0
LS-55	474	0
LS-55	475	0
LS-55	476	0
LS-55	477	0
LS-55	478	0
LS-55	479	0
LS-55	480	0
LS-55	481	0
LS-55	482	0
LS-55	483	0
LS-55	484	0
LS-55	485	0
LS-55	486	0
LS-55	487	0
LS-55	488	0
LS-55	489	0
LS-55	490	0
LS-55	491	0
LS-55	492	0
LS-55	493	0
LS-55	494	0
LS-55	495	0
LS-55	496	0
LS-55	497	0
LS-55	498	0
LS-55	499	0
LS-55	500	0
LS-55	501	0
LS-55	502	0
LS-55	503	0
LS-55	504	0
LS-55	505	0
LS-55	506	0
LS-55	507	0
LS-55	508	0
LS-55	509	0
LS-55	510	0
LS-55	511	0
LS-55	512	12955488
LS-63	0	0
LS-63	1	0
LS-63	2	0
LS-63	3	0
LS-63	4	0
LS-63	5	0
LS-63	6	0
LS-63	7	0
LS-63	8	0
LS-63	9	0
LS-63	10	0
LS-63	11	0
LS-63	12	1893
LS-63	13	848
LS-63	14	471
LS-63	15	1057
LS-63	16	591
LS-63	17	416
LS-63	18	309
LS-63	19	274
LS-63	20	399
LS-63	21	308
LS-63	22	265
LS-63	23	250
LS-63	24	235
LS-63	25	310
LS-63	26	249
LS-63	27	223
LS-63	28	185
LS-63	29	202
LS-63	30	371
LS-63	31	392
LS-63	32	387
LS-63	33	406
LS-63	34	380
LS-63	35	349
LS-63	36	376
LS-63	37	365
LS-63	38	397
LS-63	39	340
LS-63	40	422
LS-63	41	381
LS-63	42	401
LS-63	43	401
LS-63	44	400
LS-63	45	438
LS-63	46	451
LS-63	47	499
LS-63	48	462
LS-63	49	551
LS-63	50	560
LS-63	51	585
LS-63	52	645
LS-63	53	685
LS-63	54	679
LS-63	55	796
LS-63	56	824
LS-63	57	874
LS-63	58	997
LS-63	59	1053
LS-63	60	1006
LS-63	61	1229
LS-63	62	1352
LS-63	63	1406
LS-63	64	1588
LS-63	65	1708
LS-63	66	2047
LS-63	67	2083
LS-63	68	2330
LS-63	69	2519
LS-63	70	2705
LS-63	71	3061
LS-63	72	3315
LS-63	73	3669
LS-63	74	3929
LS-63	75	4521
LS-63	76	4823
LS-63	77	5290
LS-63	78	5876
LS-63	79	6519
LS-63	80	7384
LS-63	81	7836
LS-63	82	8421
LS-63	83	9384
LS-63	84	10111
LS-63	85	11222
LS-63	86	12134
LS-63	87	13460
LS-63	88	14643
LS-63	89	15993
LS-63	90	17021
LS-63	91	18652
LS-63	92	20305
LS-63	93	22083
LS-63	94	23852
LS-63	95	25717
LS-63	96	27698
LS-63	97	30133
LS-63	98	32601
LS-63	99	34703
LS-63	100	37034
LS-63	101	39724
LS-63	102	42208
LS-63	103	45517
LS-63	104	48314
LS-63	105	51862
LS-63	106	54913
LS-63	107	58230
LS-63	108	61656
LS-63	109	64869
LS-63	110	68811
LS-63	111	72633
LS-63	112	76299
LS-63	113	80244
LS-63	114	83852
LS-63	115	87655
LS-63	116	92545
LS-63	117	96064
LS-63	118	100221
LS-63	119	104534
LS-63	120	108018
LS-63	121	112488
LS-63	122	115901
LS-63	123	120507
LS-63	124	124096
LS-63	125	128727
LS-63	126	131757
LS-63	127	136285
LS-63	128	139877
LS-63	129	143373
LS-63	130	147431
LS-63	131	151883
LS-63	132	155076
LS-63	133	157534
LS-63	134	162022
LS-63	135	165234
LS-63	136	168409
LS-63	137	172262
LS-63	138	175056
LS-63	139	178831
LS-63	140	181746
LS-63	141	183632
LS-63	142	186715
LS-63	143	190259
LS-63	144	192019
LS-63	145	194453
LS-63	146	197987
LS-63	147	210382
LS-63	148	200324
LS-63	149	194152
LS-63	150	196460
LS-63	151	211987
LS-63	152	214092
LS-63	153	215704
LS-63	154	217135
LS-63	155	219490
LS-63	156	221440
LS-63	157	222597
LS-63	158	226128
LS-63	159	225448
LS-63	160	227012
LS-63	161	229213
LS-63	162	230781
LS-63	163	232789
LS-63	164	232599
LS-63	165	235122
LS-63	166	235725
LS-63	167	235988
LS-63	168	238018
LS-63	169	238383
LS-63	170	239922
LS-63	171	240480
LS-63	172	240904
LS-63	173	241783
LS-63	174	242798
LS-63	175	242893
LS-63	176	242828
LS-63	177	243879
LS-63	178	244270
LS-63	179	245094
LS-63	180	245050
LS-63	181	245734
LS-63	182	246133
LS-63	183	245780
LS-63	184	245549
LS-63	185	244801
LS-63	186	245918
LS-63	187	245051
LS-63	188	244894
LS-63	189	244486
LS-63	190	244936
LS-63	191	243933
LS-63	192	243985
LS-63	193	244833
LS-63	194	243529
LS-63	195	242432
LS-63	196	242295
LS-63	197	241021
LS-63	198	240996
LS-63	199	239953
LS-63	200	239962
LS-63	201	238590
LS-63	202	238784
LS-63	203	237894
LS-63	204	237959
LS-63	205	235692
LS-63	206	235694
LS-63	207	234532
LS-63	208	233563
LS-63	209	232947
LS-63	210	232286
LS-63	211	232312
LS-63	212	230393
LS-63	213	229555
LS-63	214	227559
LS-63	215	226902
LS-63	216	226738
LS-63	217	225416
LS-63	218	222907
LS-63	219	223018
LS-63	220	220629
LS-63	221	220287
LS-63	222	219161
LS-63	223	217673
LS-63	224	217256
LS-63	225	215943
LS-63	226	214097
LS-63	227	213393
LS-63	228	212214
LS-63	229	210074
LS-63	230	209169
LS-63	231	208600
LS-63	232	206020
LS-63	233	205186
LS-63	234	204432
LS-63	235	202080
LS-63	236	201753
LS-63	237	200115
LS-63	238	199437
LS-63	239	196895
LS-63	240	196910
LS-63	241	194819
LS-63	242	193464
LS-63	243	191668
LS-63	244	189922
LS-63	245	188409
LS-63	246	187432
LS-63	247	185428
LS-63	248	184500
LS-63	249	183062
LS-63	250	181509
LS-63	251	181098
LS-63	252	178561
LS-63	253	177816
LS-63	254	175211
LS-63	255	175343
LS-63	256	172623
LS-63	257	171936
LS-63	258	170595
LS-63	259	168860
LS-63	260	167517
LS-63	261	166789
LS-63	262	164587
LS-63	263	163113
LS-63	264	162403
LS-63	265	160438
LS-63	266	159614
LS-63	267	157818
LS-63	268	155670
LS-63	269	154897
LS-63	270	153950
LS-63	271	151879
LS-63	272	150748
LS-63	273	149757
LS-63	274	147803
LS-63	275	145979
LS-63	276	145147
LS-63	277	142457
LS-63	278	141619
LS-63	279	140139
LS-63	280	138260
LS-63	281	136611
LS-63	282	134719
LS-63	283	132776
LS-63	284	130089
LS-63	285	127400
LS-63	286	119256
LS-63	287	115076
LS-63	288	104561
LS-63	289	0
LS-63	290	0
LS-63	291	0
LS-63	292	0
LS-63	293	0
LS-63	294	0
LS-63	295	0
LS-63	296	0
LS-63	297	0
LS-63	298	0
LS-63	299	0
LS-63	300	0
LS-63	301	0
LS-63	302	0
LS-63	303	0
LS-63	304	0
LS-63	305	0
LS-63	306	0
LS-63	307	0
LS-63	308	0
LS-63	309	0
LS-63	310	0
LS-63	311	0
LS-63	312	0
LS-63	313	0
LS-63	314	0
LS-63	315	0
LS-63	316	0
LS-63	317	0
LS-63	318	0
LS-63	319	0
LS-63	320	0
LS-63	321	0
LS-63	322	0
LS-63	323	0
LS-63	324	0
LS-63	325	0
LS-63	326	0
LS-63	327	0
LS-63	328	0
LS-63	329	0
LS-63	330	0
LS-63	331	0
LS-63	332	0
LS-63	333	0
LS-63	334	0
LS-63	335	0
LS-63	336	0
LS-63	337	0
LS-63	338	0
LS-63	339	0
LS-63	340	0
LS-63	341	0
LS-63	342	0
LS-63	343	0
LS-63	344	0
LS-63	345	0
LS-63	346	0
LS-63	347	0
LS-63	348	0
LS-63	349	0
LS-63	350	0
LS-63	351	0
LS-63	352	0
LS-63	353	0
LS-63	354	0
LS-63	355	0
LS-63	356	0
LS-63	357	0
LS-63	358	0
LS-63	359	0
LS-63	360	0
LS-63	361	0
LS-63	362	0
LS-63	363	0
LS-63	364	0
LS-63	365	0
LS-63	366	0
LS-63	367	0
LS-63	368	0
LS-63	369	0
LS-63	370	0
LS-63	371	0
LS-63	372	0
LS-63	373	0
LS-63	374	0
LS-63	375	0
LS-63	376	0
LS-63	377	0
LS-63	378	0
LS-63	379	0
LS-63	380	0
LS-63	381	0
LS-63	382	0
LS-63	383	0
LS-63	384	0
LS-63	385	0
LS-63	386	0
LS-63	387	0
LS-63	388	0
LS-63	389	0
LS-63	390	0
LS-63	391	0
LS-63	392	0
LS-63	393	0
LS-63	394	0
LS-63	395	0
LS-63	396	0
LS-63	397	0
LS-63	398	0
LS-63	399	0
LS-63	400	0
LS-63	401	0
LS-63	402	0
LS-63	403	0
LS-63	404	0
LS-63	405	0
LS-63	406	0
LS-63	407	0
LS-63	408	0
LS-63	409	0
LS-63	410	0
LS-63	411	0
LS-63	412	0
LS-63	413	0
LS-63	414	0
LS-63	415	0
LS-63	416	0
LS-63	417	0
LS-63	418	0
LS-63	419	0
LS-63	420	0
LS-63	421	0
LS-63	422	0
LS-63	423	0
LS-63	424	0
LS-63	425	0
LS-63	426	0
LS-63	427	0
LS-63	428	0
LS-63	429	0
LS-63	430	0
LS-63	431	0
LS-63	432	0
LS-63	433	0
LS-63	434	0
LS-63	435	0
LS-63	436	0
LS-63	437	0
LS-63	438	0
LS-63	439	0
LS-63	440	0
LS-63	441	0
LS-63	442	0
LS-63	443	0
LS-63	444	0
LS-63	445	0
LS-63	446	0
LS-63	447	0
LS-63	448	0
LS-63	449	0
LS-63	450	0
LS-63	451	0
LS-63	452	0
LS-63	453	0
LS-63	454	0
LS-63	455	0
LS-63	456	0
LS-63	457	0
LS-63	458	0
LS-63	459	0
LS-63	460	0
LS-63	461	0
LS-63	462	0
LS-63	463	0
LS-63	464	0
LS-63	465	0
LS-63	466	0
LS-63	467	0
LS-63	468	0
LS-63	469	0
LS-63	470	0
LS-63	471	0
LS-63	472	0
LS-63	473	0
LS-63	474	0
LS-63	475	0
LS-63	476	0
LS-63	477	0
LS-63	478	0
LS-63	479	0
LS-63	480	0
LS-63	481	0
LS-63	482	0
LS-63	483	0
LS-63	484	0
LS-63	485	0
LS-63	486	0
LS-63	487	0
LS-63	488	0
LS-63	489	0
LS-63	490	0
LS-63	491	0
LS-63	492	0
LS-63	493	0
LS-63	494	0
LS-63	495	0
LS-63	496	0
LS-63	497	0
LS-63	498	0
LS-63	499	0
LS-63	500	0
LS-63	501	0
LS-63	502	0
LS-63	503	0
LS-63	504	0
LS-63	505	0
LS-63	506	0
LS-63	507	0
LS-63	508	0
LS-63	509	0
LS-63	510	0
LS-63	511	0
LS-63	512	12609072
LS-65	0	0
LS-65	1	0
LS-65	2	0
LS-65	3	0
LS-65	4	0
LS-65	5	0
LS-65	6	0
LS-65	7	0
LS-65	8	0
LS-65	9	0
LS-65	10	0
LS-65	11	0
LS-65	12	2172
LS-65	13	994
LS-65	14	566
LS-65	15	1181
LS-65	16	656
LS-65	17	458
LS-65	18	351
LS-65	19	289
LS-65	20	424
LS-65	21	333
LS-65	22	274
LS-65	23	254
LS-65	24	209
LS-65	25	304
LS-65	26	237
LS-65	27	217
LS-65	28	213
LS-65	29	205
LS-65	30	330
LS-65	31	323
LS-65	32	334
LS-65	33	283
LS-65	34	280
LS-65	35	283
LS-65	36	294
LS-65	37	290
LS-65	38	289
LS-65	39	295
LS-65	40	270
LS-65	41	303
LS-65	42	304
LS-65	43	333
LS-65	44	303
LS-65	45	299
LS-65	46	272
LS-65	47	295
LS-65	48	298
LS-65	49	310
LS-65	50	324
LS-65	51	333
LS-65	52	343
LS-65	53	351
LS-65	54	384
LS-65	55	412
LS-65	56	377
LS-65	57	390
LS-65	58	401
LS-65	59	418
LS-65	60	410
LS-65	61	425
LS-65	62	454
LS-65	63	458
LS-65	64	493
LS-65	65	480
LS-65	66	458
LS-65	67	518
LS-65	68	514
LS-65	69	550
LS-65	70	571
LS-65	71	585
LS-65	72	635
LS-65	73	569
LS-65	74	685
LS-65	75	629
LS-65	76	671
LS-65	77	699
LS-65	78	711
LS-65	79	706
LS-65	80	766
LS-65	81	810
LS-65	82	799
LS-65	83	819
LS-65	84	860
LS-65	85	928
LS-65	86	963
LS-65	87	968
LS-65	88	1055
LS-65	89	1049
LS-65	90	1142
LS-65	91	1221
LS-65	92	1292
LS-65	93	1350
LS-65	94	1445
LS-65	95	1586
LS-65	96	1812
LS-65	97	1915
LS-65	98	2044
LS-65	99	2227
LS-65	100	2490
LS-65	101	2819
LS-65	102	3216
LS-65	103	3581
LS-65	104	3925
LS-65	105	4572
LS-65	106	5109
LS-65	107	5875
LS-65	108	6551
LS-65	109	7471
LS-65	110	8418
LS-65	111	9561
LS-65	112	10734
LS-65	113	12146
LS-65	114	13395
LS-65	115	15288
LS-65	116	17289
LS-65	117	19062
LS-65	118	21344
LS-65	119	23761
LS-65	120	26341
LS-65	121	28931
LS-65	122	32100
LS-65	123	35152
LS-65	124	38605
LS-65	125	42598
LS-65	126	45976
LS-65	127	49547
LS-65	128	53877
LS-65	129	58707
LS-65	130	62248
LS-65	131	67401
LS-65	132	71856
LS-65	133	76293
LS-65	134	81662
LS-65	135	86115
LS-65	136	92247
LS-65	137	97176
LS-65	138	102165
LS-65	139	107705
LS-65	140	112943
LS-65	141	117410
LS-65	142	122528
LS-65	143	127843
LS-65	144	133037
LS-65	145	139185
LS-65	146	145124
LS-65	147	159618
LS-65	148	152023
LS-65	149	149128
LS-65	150	155124
LS-65	151	170253
LS-65	152	174332
LS-65	153	179520
LS-65	154	183023
LS-65	155	187297
LS-65	156	191144
LS-65	157	195724
LS-65	158	199745
LS-65	159	204029
LS-65	160	206561
LS-65	161	209812
LS-65	162	212487
LS-65	163	216203
LS-65	164	218769
LS-65	165	221263
LS-65	166	223992
LS-65	167	226491
LS-65	168	229762
LS-65	169	231762
LS-65	170	233730
LS-65	171	235378
LS-65	172	237089
LS-65	173	238141
LS-65	174	239354
LS-65	175	241758
LS-65	176	242153
LS-65	177	243321
LS-65	178	243763
LS-65	179	245121
LS-65	180	246520
LS-65	181	246709
LS-65	182	248055
LS-65	183	248064
LS-65	184	247238
LS-65	185	247264
LS-65	186	247747
LS-65	187	247929
LS-65	188	247796
LS-65	189	247579
LS-65	190	245843
LS-65	191	247234
LS-65	192	245288
LS-65	193	244773
LS-65	194	244981
LS-65	195	243194
LS-65	196	242177
LS-65	197	240902
LS-65	198	240980
LS-65	199	239342
LS-65	200	239732
LS-65	201	237623
LS-65	202	236715
LS-65	203	235409
LS-65	204	234801
LS-65	205	232845
LS-65	206	232175
LS-65	207	230786
LS-65	208	229165
LS-65	209	228010
LS-65	210	226865
LS-65	211	225594
LS-65	212	223858
LS-65	213	222985
LS-65	214	220291
LS-65	215	218507
LS-65	216	218323
LS-65	217	215491
LS-65	218	214815
LS-65	219	213855
LS-65	220	211979
LS-65	221	210325
LS-65	222	209148
LS-65	223	207462
LS-65	224	205501
LS-65	225	203985
LS-65	226	202511
LS-65	227	201345
LS-65	228	198823
LS-65	229	197646
LS-65	230	196348
LS-65	231	195513
LS-65	232	192910
LS-65	233	191551
LS-65	234	190136
LS-65	235	189072
LS-65	236	187863
LS-65	237	185928
LS-65	238	184029
LS-65	239	183455
LS-65	240	181808
LS-65	241	179690
LS-65	242	179381
LS-65	243	177225
LS-65	244	175443
LS-65	245	174430
LS-65	246	172397
LS-65	247	172013
LS-65	248	170237
LS-65	249	168766
LS-65	250	166599
LS-65	251	166837
LS-65	252	164549
LS-65	253	163645
LS-65	254	162348
LS-65	255	161332
LS-65	256	159722
LS-65	257	159157
LS-65	258	157247
LS-65	259	155657
LS-65	260	155177
LS-65	261	153641
LS-65	262	152213
LS-65	263	151353
LS-65	264	149715
LS-65	265	148254
LS-65	266	147801
LS-65	267	146147
LS-65	268	145140
LS-65	269	143558
LS-65	270	143349
LS-65	271	142066
LS-65	272	141015
LS-65	273	138726
LS-65	274	137563
LS-65	275	136902
LS-65	276	135460
LS-65	277	133457
LS-65	278	132371
LS-65	279	131091
LS-65	280	129845
LS-65	281	128349
LS-65	282	126872
LS-65	283	125255
LS-65	284	123266
LS-65	285	119900
LS-65	286	112848
LS-65	287	108839
LS-65	288	98423
LS-65	289	0
LS-65	290	0
LS-65	291	0
LS-65	292	0
LS-65	293	0
LS-65	294	0
LS-65	295	0
LS-65	296	0
LS-65	297	0
LS-65	298	0
LS-65	299	0
LS-65	300	0
LS-65	301	0
LS-65	302	0
LS-65	303	0
LS-65	304	0
LS-65	305	0
LS-65	306	0
LS-65	307	0
LS-65	308	0
LS-65	309	0
LS-65	310	0
LS-65	311	0
LS-65	312	0
LS-65	313	0
LS-65	314	0
LS-65	315	0
LS-65	316	0
LS-65	317	0
LS-65	318	0
LS-65	319	0
LS-65	320	0
LS-65	321	0
LS-65	322	0
LS-65	323	0
LS-65	324	0
LS-65	325	0
LS-65	326	0
LS-65	327	0
LS-65	328	0
LS-65	329	0
LS-65	330	0
LS-65	331	0
LS-65	332	0
LS-65	333	0
LS-65	334	0
LS-65	335	0
LS-65	336	0
LS-65	337	0
LS-65	338	0
LS-65	339	0
LS-65	340	0
LS-65	341	0
LS-65	342	0
LS-65	343	0
LS-65	344	0
LS-65	345	0
LS-65	346	0
LS-65	347	0
LS-65	348	0
LS-65	349	0
LS-65	350	0
LS-65	351	0
LS-65	352	0
LS-65	353	0
LS-65	354	0
LS-65	355	0
LS-65	356	0
LS-65	357	0
LS-65	358	0
LS-65	359	0
LS-65	360	0
LS-65	361	0
LS-65	362	0
LS-65	363	0
LS-65	364	0
LS-65	365	0
LS-65	366	0
LS-65	367	0
LS-65	368	0
LS-65	369	0
LS-65	370	0
LS-65	371	0
LS-65	372	0
LS-65	373	0
LS-65	374	0
LS-65	375	0
LS-65	376	0
LS-65	377	0
LS-65	378	0
LS-65	379	0
LS-65	380	0
LS-65	381	0
LS-65	382	0
LS-65	383	0
LS-65	384	0
LS-65	385	0
LS-65	386	0
LS-65	387	0
LS-65	388	0
LS-65	389	0
LS-65	390	0
LS-65	391	0
LS-65	392	0
LS-65	393	0
LS-65	394	0
LS-65	395	0
LS-65	396	0
LS-65	397	0
LS-65	398	0
LS-65	399	0
LS-65	400	0
LS-65	401	0
LS-65	402	0
LS-65	403	0
LS-65	404	0
LS-65	405	0
LS-65	406	0
LS-65	407	0
LS-65	408	0
LS-65	409	0
LS-65	410	0
LS-65	411	0
LS-65	412	0
LS-65	413	0
LS-65	414	0
LS-65	415	0
LS-65	416	0
LS-65	417	0
LS-65	418	0
LS-65	419	0
LS-65	420	0
LS-65	421	0
LS-65	422	0
LS-65	423	0
LS-65	424	0
LS-65	425	0
LS-65	426	0
LS-65	427	0
LS-65	428	0
LS-65	429	0
LS-65	430	0
LS-65	431	0
LS-65	432	0
LS-65	433	0
LS-65	434	0
LS-65	435	0
LS-65	436	0
LS-65	437	0
LS-65	438	0
LS-65	439	0
LS-65	440	0
LS-65	441	0
LS-65	442	0
LS-65	443	0
LS-65	444	0
LS-65	445	0
LS-65	446	0
LS-65	447	0
LS-65	448	0
LS-65	449	0
LS-65	450	0
LS-65	451	0
LS-65	452	0
LS-65	453	0
LS-65	454	0
LS-65	455	0
LS-65	456	0
LS-65	457	0
LS-65	458	0
LS-65	459	0
LS-65	460	0
LS-65	461	0
LS-65	462	0
LS-65	463	0
LS-65	464	0
LS-65	465	0
LS-65	466	0
LS-65	467	0
LS-65	468	0
LS-65	469	0
LS-65	470	0
LS-65	471	0
LS-65	472	0
LS-65	473	0
LS-65	474	0
LS-65	475	0
LS-65	476	0
LS-65	477	0
LS-65	478	0
LS-65	479	0
LS-65	480	0
LS-65	481	0
LS-65	482	0
LS-65	483	0
LS-65	484	0
LS-65	485	0
LS-65	486	0
LS-65	487	0
LS-65	488	0
LS-65	489	0
LS-65	490	0
LS-65	491	0
LS-65	492	0
LS-65	493	0
LS-65	494	0
LS-65	495	0
LS-65	496	0
LS-65	497	0
LS-65	498	0
LS-65	499	0
LS-65	500	0
LS-65	501	0
LS-65	502	0
LS-65	503	0
LS-65	504	0
LS-65	505	0
LS-65	506	0
LS-65	507	0
LS-65	508	0
LS-65	509	0
LS-65	510	0
LS-65	511	0
LS-65	512	14208352
LS-67	0	0
LS-67	1	0
LS-67	2	0
LS-67	3	0
LS-67	4	0
LS-67	5	0
LS-67	6	0
LS-67	7	0
LS-67	8	0
LS-67	9	0
LS-67	10	0
LS-67	11	0
LS-67	12	1477
LS-67	13	654
LS-67	14	372
LS-67	15	834
LS-67	16	455
LS-67	17	310
LS-67	18	277
LS-67	19	202
LS-67	20	344
LS-67	21	233
LS-67	22	246
LS-67	23	180
LS-67	24	176
LS-67	25	206
LS-67	26	195
LS-67	27	189
LS-67	28	158
LS-67	29	159
LS-67	30	354
LS-67	31	330
LS-67	32	322
LS-67	33	308
LS-67	34	321
LS-67	35	352
LS-67	36	359
LS-67	37	327
LS-67	38	357
LS-67	39	352
LS-67	40	330
LS-67	41	346
LS-67	42	364
LS-67	43	356
LS-67	44	396
LS-67	45	381
LS-67	46	430
LS-67	47	433
LS-67	48	430
LS-67	49	441
LS-67	50	481
LS-67	51	537
LS-67	52	558
LS-67	53	553
LS-67	54	614
LS-67	55	663
LS-67	56	654
LS-67	57	724
LS-67	58	794
LS-67	59	847
LS-67	60	968
LS-67	61	1041
LS-67	62	1110
LS-67	63	1266
LS-67	64	1323
LS-67	65	1473
LS-67	66	1695
LS-67	67	1805
LS-67	68	1930
LS-67	69	2170
LS-67	70	2391
LS-67	71	2560
LS-67	72	2831
LS-67	73	3198
LS-67	74	3534
LS-67	75	3758
LS-67	76	4186
LS-67	77	4668
LS-67	78	4937
LS-67	79	5574
LS-67	80	6223
LS-67	81	6631
LS-67	82	7331
LS-67	83	7962
LS-67	84	8809
LS-67	85	9544
LS-67	86	10431
LS-67	87	11356
LS-67	88	12477
LS-67	89	13670
LS-67	90	14995
LS-67	91	16455
LS-67	92	17218
LS-67	93	18770
LS-67	94	20565
LS-67	95	21955
LS-67	96	24123
LS-67	97	25520
LS-67	98	27697
LS-67	99	29742
LS-67	100	31780
LS-67	101	34213
LS-67	102	36539
LS-67	103	38860
LS-67	104	41724
LS-67	105	44114
LS-67	106	47122
LS-67	107	50189
LS-67	108	52705
LS-67	109	56180
LS-67	110	59093
LS-67	111	62462
LS-67	112	65379
LS-67	113	68653
LS-67	114	72314
LS-67	115	75569
LS-67	116	79264
LS-67	117	82311
LS-67	118	86140
LS-67	119	89548
LS-67	120	92685
LS-67	121	96463
LS-67	122	99824
LS-67	123	103519
LS-67	124	106816
LS-67	125	110375
LS-67	126	113851
LS-67	127	117579
LS-67	128	121009
LS-67	129	124148
LS-67	130	127611
LS-67	131	130521
LS-67	132	134790
LS-67	133	136247
LS-67	134	139893
LS-67	135	142403
LS-67	136	144688
LS-67	137	149078
LS-67	138	151524
LS-67	139	154423
LS-67	140	156644
LS-67	141	159403
LS-67	142	161872
LS-67	143	164433
LS-67	144	166809
LS-67	145	169872
LS-67	146	172310
LS-67	147	181683
LS-67	148	172219
LS-67	149	168635
LS-67	150	169438
LS-67	151	183010
LS-67	152	185494
LS-67	153	185774
LS-67	154	187183
LS-67	155	189269
LS-67	156	191200
LS-67	157	192666
LS-67	158	194286
LS-67	159	195136
LS-67	160	196544
LS-67	161	197479
LS-67	162	198555
LS-67	163	198408
LS-67	164	200363
LS-67	165	200943
LS-67	166	202030
LS-67	167	202406
LS-67	168	204509
LS-67	169	204163
LS-67	170	205049
LS-67	171	205634
LS-67	172	206211
LS-67	173	206019
LS-67	174	207683
LS-67	175	206611
LS-67	176	207227
LS-67	177	207637
LS-67	178	207885
LS-67	179	208175
LS-67	180	208458
LS-67	181	208570
LS-67	182	207815
LS-67	183	207499
LS-67	184	208038
LS-67	185	206843
LS-67	186	207738
LS-67	187	207607
LS-67	188	206833
LS-67	189	207038
LS-67	190	206520
LS-67	191	207098
LS-67	192	206466
LS-67	193	206277
LS-67	194	205818
LS-67	195	205198
LS-67	196	203060
LS-67	197	204200
LS-67	198	202901
LS-67	199	202535
LS-67	200	201670
LS-67	201	200776
LS-67	202	200657
LS-67	203	200661
LS-67	204	199263
LS-67	205	198502
LS-67	206	198287
LS-67	207	196263
LS-67	208	195993
LS-67	209	195424
LS-67	210	194340
LS-67	211	193236
LS-67	212	192066
LS-67	213	191275
LS-67	214	190964
LS-67	215	189559
LS-67	216	188897
LS-67	217	187743
LS-67	218	186082
LS-67	219	185767
LS-67	220	184428
LS-67	221	183606
LS-67	222	182858
LS-67	223	181312
LS-67	224	180289
LS-67	225	179790
LS-67	226	177699
LS-67	227	177717
LS-67	228	175468
LS-67	229	175649
LS-67	230	173422
LS-67	231	172541
LS-67	232	171699
LS-67	233	170369
LS-67	234	168996
LS-67	235	168290
LS-67	236	167191
LS-67	237	166178
LS-67	238	164787
LS-67	239	163900
LS-67	240	161846
LS-67	241	160734
LS-67	242	159910
LS-67	243	158596
LS-67	244	156082
LS-67	245	155797
LS-67	246	154771
LS-67	247	153000
LS-67	248	152276
LS-67	249	151570
LS-67	250	149674
LS-67	251	148961
LS-67	252	147136
LS-67	253	146569
LS-67	254	145374
LS-67	255	144206
LS-67	256	142885
LS-67	257	141145
LS-67	258	140679
LS-67	259	139585
LS-67	260	137056
LS-67	261	137141
LS-67	262	135124
LS-67	263	133848
LS-67	264	133625
LS-67	265	131785
LS-67	266	130458
LS-67	267	128946
LS-67	268	128240
LS-67	269	126678
LS-67	270	125926
LS-67	271	124950
LS-67	272	123463
LS-67	273	121604
LS-67	274	121380
LS-67	275	119330
LS-67	276	117491
LS-67	277	116867
LS-67	278	116038
LS-67	279	114866
LS-67	280	113021
LS-67	281	111169
LS-67	282	110301
LS-67	283	108804
LS-67	284	105814
LS-67	285	103386
LS-67	286	97586
LS-67	287	93105
LS-67	288	84645
LS-67	289	0
LS-67	290	0
LS-67	291	0
LS-67	292	0
LS-67	293	0
LS-67	294	0
LS-67	295	0
LS-67	296	0
LS-67	297	0
LS-67	298	0
LS-67	299	0
LS-67	300	0
LS-67	301	0
LS-67	302	0
LS-67	303	0
LS-67	304	0
LS-67	305	0
LS-67	306	0
LS-67	307	0
LS-67	308	0
LS-67	309	0
LS-67	310	0
LS-67	311	0
LS-67	312	0
LS-67	313	0
LS-67	314	0
LS-67	315	0
LS-67	316	0
LS-67	317	0
LS-67	318	0
LS-67	319	0
LS-67	320	0
LS-67	321	0
LS-67	322	0
LS-67	323	0
LS-67	324	0
LS-67	325	0
LS-67	326	0
LS-67	327	0
LS-67	328	0
LS-67	329	0
LS-67	330	0
LS-67	331	0
LS-67	332	0
LS-67	333	0
LS-67	334	0
LS-67	335	0
LS-67	336	0
LS-67	337	0
LS-67	338	0
LS-67	339	0
LS-67	340	0
LS-67	341	0
LS-67	342	0
LS-67	343	0
LS-67	344	0
LS-67	345	0
LS-67	346	0
LS-67	347	0
LS-67	348	0
LS-67	349	0
LS-67	350	0
LS-67	351	0
LS-67	352	0
LS-67	353	0
LS-67	354	0
LS-67	355	0
LS-67	356	0
LS-67	357	0
LS-67	358	0
LS-67	359	0
LS-67	360	0
LS-67	361	0
LS-67	362	0
LS-67	363	0
LS-67	364	0
LS-67	365	0
LS-67	366	0
LS-67	367	0
LS-67	368	0
LS-67	369	0
LS-67	370	0
LS-67	371	0
LS-67	372	0
LS-67	373	0
LS-67	374	0
LS-67	375	0
LS-67	376	0
LS-67	377	0
LS-67	378	0
LS-67	379	0
LS-67	380	0
LS-67	381	0
LS-67	382	0
LS-67	383	0
LS-67	384	0
LS-67	385	0
LS-67	386	0
LS-67	387	0
LS-67	388	0
LS-67	389	0
LS-67	390	0
LS-67	391	0
LS-67	392	0
LS-67	393	0
LS-67	394	0
LS-67	395	0
LS-67	396	0
LS-67	397	0
LS-67	398	0
LS-67	399	0
LS-67	400	0
LS-67	401	0
LS-67	402	0
LS-67	403	0
LS-67	404	0
LS-67	405	0
LS-67	406	0
LS-67	407	0
LS-67	408	0
LS-67	409	0
LS-67	410	0
LS-67	411	0
LS-67	412	0
LS-67	413	0
LS-67	414	0
LS-67	415	0
LS-67	416	0
LS-67	417	0
LS-67	418	0
LS-67	419	0
LS-67	420	0
LS-67	421	0
LS-67	422	0
LS-67	423	0
LS-67	424	0
LS-67	425	0
LS-67	426	0
LS-67	427	0
LS-67	428	0
LS-67	429	0
LS-67	430	0
LS-67	431	0
LS-67	432	0
LS-67	433	0
LS-67	434	0
LS-67	435	0
LS-67	436	0
LS-67	437	0
LS-67	438	0
LS-67	439	0
LS-67	440	0
LS-67	441	0
LS-67	442	0
LS-67	443	0
LS-67	444	0
LS-67	445	0
LS-67	446	0
LS-67	447	0
LS-67	448	0
LS-67	449	0
LS-67	450	0
LS-67	451	0
LS-67	452	0
LS-67	453	0
LS-67	454	0
LS-67	455	0
LS-67	456	0
LS-67	457	0
LS-67	458	0
LS-67	459	0
LS-67	460	0
LS-67	461	0
LS-67	462	0
LS-67	463	0
LS-67	464	0
LS-67	465	0
LS-67	466	0
LS-67	467	0
LS-67	468	0
LS-67	469	0
LS-67	470	0
LS-67	471	0
LS-67	472	0
LS-67	473	0
LS-67	474	0
LS-67	475	0
LS-67	476	0
LS-67	477	0
LS-67	478	0
LS-67	479	0
LS-67	480	0
LS-67	481	0
LS-67	482	0
LS-67	483	0
LS-67	484	0
LS-67	485	0
LS-67	486	0
LS-67	487	0
LS-67	488	0
LS-67	489	0
LS-67	490	0
LS-67	491	0
LS-67	492	0
LS-67	493	0
LS-67	494	0
LS-67	495	0
LS-67	496	0
LS-67	497	0
LS-67	498	0
LS-67	499	0
LS-67	500	0
LS-67	501	0
LS-67	502	0
LS-67	503	0
LS-67	504	0
LS-67	505	0
LS-67	506	0
LS-67	507	0
LS-67	508	0
LS-67	509	0
LS-67	510	0
LS-67	511	0
LS-67	512	10089685
LS-76	0	0
LS-76	1	0
LS-76	2	0
LS-76	3	0
LS-76	4	0
LS-76	5	0
LS-76	6	0
LS-76	7	0
LS-76	8	0
LS-76	9	0
LS-76	10	0
LS-76	11	0
LS-76	12	802
LS-76	13	334
LS-76	14	202
LS-76	15	417
LS-76	16	243
LS-76	17	123
LS-76	18	113
LS-76	19	98
LS-76	20	125
LS-76	21	101
LS-76	22	102
LS-76	23	80
LS-76	24	66
LS-76	25	100
LS-76	26	86
LS-76	27	69
LS-76	28	66
LS-76	29	65
LS-76	30	148
LS-76	31	135
LS-76	32	151
LS-76	33	131
LS-76	34	142
LS-76	35	129
LS-76	36	139
LS-76	37	165
LS-76	38	132
LS-76	39	152
LS-76	40	132
LS-76	41	127
LS-76	42	149
LS-76	43	166
LS-76	44	153
LS-76	45	165
LS-76	46	187
LS-76	47	159
LS-76	48	171
LS-76	49	182
LS-76	50	184
LS-76	51	158
LS-76	52	209
LS-76	53	205
LS-76	54	211
LS-76	55	225
LS-76	56	233
LS-76	57	264
LS-76	58	253
LS-76	59	265
LS-76	60	300
LS-76	61	273
LS-76	62	326
LS-76	63	344
LS-76	64	344
LS-76	65	391
LS-76	66	400
LS-76	67	421
LS-76	68	434
LS-76	69	464
LS-76	70	549
LS-76	71	505
LS-76	72	597
LS-76	73	569
LS-76	74	583
LS-76	75	605
LS-76	76	696
LS-76	77	725
LS-76	78	747
LS-76	79	770
LS-76	80	812
LS-76	81	797
LS-76	82	852
LS-76	83	972
LS-76	84	974
LS-76	85	1059
LS-76	86	1136
LS-76	87	1134
LS-76	88	1209
LS-76	89	1212
LS-76	90	1383
LS-76	91	1433
LS-76	92	1492
LS-76	93	1667
LS-76	94	1712
LS-76	95	1977
LS-76	96	2080
LS-76	97	2206
LS-76	98	2398
LS-76	99	2612
LS-76	100	2954
LS-76	101	3147
LS-76	102	3459
LS-76	103	3865
LS-76	104	4140
LS-76	105	4895
LS-76	106	5228
LS-76	107	5889
LS-76	108	6502
LS-76	109	7252
LS-76	110	7976
LS-76	111	8710
LS-76	112	9736
LS-76	113	10742
LS-76	114	11925
LS-76	115	13336
LS-76	116	14810
LS-76	117	16073
LS-76	118	18000
LS-76	119	19587
LS-76	120	21333
LS-76	121	23480
LS-76	122	25012
LS-76	123	27330
LS-76	124	29629
LS-76	125	32123
LS-76	126	34962
LS-76	127	37223
LS-76	128	40163
LS-76	129	42785
LS-76	130	45744
LS-76	131	48553
LS-76	132	51420
LS-76	133	54387
LS-76	134	57125
LS-76	135	60312
LS-76	136	63629
LS-76	137	66881
LS-76	138	70354
LS-76	139	73381
LS-76	140	76149
LS-76	141	79281
LS-76	142	81776
LS-76	143	85171
LS-76	144	87094
LS-76	145	90647
LS-76	146	94522
LS-76	147	104228
LS-76	148	99174
LS-76	149	95277
LS-76	150	99500
LS-76	151	107182
LS-76	152	110241
LS-76	153	112217
LS-76	154	114550
LS-76	155	116880
LS-76	156	118685
LS-76	157	121867
LS-76	158	122724
LS-76	159	124404
LS-76	160	126910
LS-76	161	128206
LS-76	162	129695
LS-76	163	131730
LS-76	164	132160
LS-76	165	133384
LS-76	166	134634
LS-76	167	134898
LS-76	168	135689
LS-76	169	137267
LS-76	170	137839
LS-76	171	139071
LS-76	172	139517
LS-76	173	139526
LS-76	174	139744
LS-76	175	140259
LS-76	176	139256
LS-76	177	140678
LS-76	178	140857
LS-76	179	141261
LS-76	180	141194
LS-76	181	141303
LS-76	182	141471
LS-76	183	139819
LS-76	184	139675
LS-76	185	139281
LS-76	186	138755
LS-76	187	138964
LS-76	188	137377
LS-76	189	137689
LS-76	190	137240
LS-76	191	136963
LS-76	192	135268
LS-76	193	134682
LS-76	194	133999
LS-76	195	133358
LS-76	196	132988
LS-76	197	131398
LS-76	198	130551
LS-76	199	130632
LS-76	200	129086
LS-76	201	128373
LS-76	202	126911
LS-76	203	126826
LS-76	204	125428
LS-76	205	125333
LS-76	206	123779
LS-76	207	122675
LS-76	208	122255
LS-76	209	120990
LS-76	210	120002
LS-76	211	119227
LS-76	212	118226
LS-76	213	117476
LS-76	214	115877
LS-76	215	115180
LS-76	216	114398
LS-76	217	113319
LS-76	218	111982
LS-76	219	110994
LS-76	220	110670
LS-76	221	109321
LS-76	222	108412
LS-76	223	107617
LS-76	224	106407
LS-76	225	105399
LS-76	226	104389
LS-76	227	103930
LS-76	228	102165
LS-76	229	101753
LS-76	230	101071
LS-76	231	99247
LS-76	232	99568
LS-76	233	97705
LS-76	234	97001
LS-76	235	96722
LS-76	236	95285
LS-76	237	94836
LS-76	238	93912
LS-76	239	93373
LS-76	240	91790
LS-76	241	91155
LS-76	242	90899
LS-76	243	89263
LS-76	244	89123
LS-76	245	87599
LS-76	246	86631
LS-76	247	86197
LS-76	248	85583
LS-76	249	84997
LS-76	250	83989
LS-76	251	83209
LS-76	252	82409
LS-76	253	81957
LS-76	254	81416
LS-76	255	80888
LS-76	256	79816
LS-76	257	78844
LS-76	258	78434
LS-76	259	77301
LS-76	260	76620
LS-76	261	76252
LS-76	262	76086
LS-76	263	74920
LS-76	264	74170
LS-76	265	73527
LS-76	266	72564
LS-76	267	72533
LS-76	268	71311
LS-76	269	71001
LS-76	270	69972
LS-76	271	69919
LS-76	272	68619
LS-76	273	68330
LS-76	274	67775
LS-76	275	66820
LS-76	276	65911
LS-76	277	64961
LS-76	278	64290
LS-76	279	63635
LS-76	280	63318
LS-76	281	62803
LS-76	282	61403
LS-76	283	60819
LS-76	284	59264
LS-76	285	58204
LS-76	286	54354
LS-76	287	52654
LS-76	288	47063
LS-76	289	0
LS-76	290	0
LS-76	291	0
LS-76	292	0
LS-76	293	0
LS-76	294	0
LS-76	295	0
LS-76	296	0
LS-76	297	0
LS-76	298	0
LS-76	299	0
LS-76	300	0
LS-76	301	0
LS-76	302	0
LS-76	303	0
LS-76	304	0
LS-76	305	0
LS-76	306	0
LS-76	307	0
LS-76	308	0
LS-76	309	0
LS-76	310	0
LS-76	311	0
LS-76	312	0
LS-76	313	0
LS-76	314	0
LS-76	315	0
LS-76	316	0
LS-76	317	0
LS-76	318	0
LS-76	319	0
LS-76	320	0
LS-76	321	0
LS-76	322	0
LS-76	323	0
LS-76	324	0
LS-76	325	0
LS-76	326	0
LS-76	327	0
LS-76	328	0
LS-76	329	0
LS-76	330	0
LS-76	331	0
LS-76	332	0
LS-76	333	0
LS-76	334	0
LS-76	335	0
LS-76	336	0
LS-76	337	0
LS-76	338	0
LS-76	339	0
LS-76	340	0
LS-76	341	0
LS-76	342	0
LS-76	343	0
LS-76	344	0
LS-76	345	0
LS-76	346	0
LS-76	347	0
LS-76	348	0
LS-76	349	0
LS-76	350	0
LS-76	351	0
LS-76	352	0
LS-76	353	0
LS-76	354	0
LS-76	355	0
LS-76	356	0
LS-76	357	0
LS-76	358	0
LS-76	359	0
LS-76	360	0
LS-76	361	0
LS-76	362	0
LS-76	363	0
LS-76	364	0
LS-76	365	0
LS-76	366	0
LS-76	367	0
LS-76	368	0
LS-76	369	0
LS-76	370	0
LS-76	371	0
LS-76	372	0
LS-76	373	0
LS-76	374	0
LS-76	375	0
LS-76	376	0
LS-76	377	0
LS-76	378	0
LS-76	379	0
LS-76	380	0
LS-76	381	0
LS-76	382	0
LS-76	383	0
LS-76	384	0
LS-76	385	0
LS-76	386	0
LS-76	387	0
LS-76	388	0
LS-76	389	0
LS-76	390	0
LS-76	391	0
LS-76	392	0
LS-76	393	0
LS-76	394	0
LS-76	395	0
LS-76	396	0
LS-76	397	0
LS-76	398	0
LS-76	399	0
LS-76	400	0
LS-76	401	0
LS-76	402	0
LS-76	403	0
LS-76	404	0
LS-76	405	0
LS-76	406	0
LS-76	407	0
LS-76	408	0
LS-76	409	0
LS-76	410	0
LS-76	411	0
LS-76	412	0
LS-76	413	0
LS-76	414	0
LS-76	415	0
LS-76	416	0
LS-76	417	0
LS-76	418	0
LS-76	419	0
LS-76	420	0
LS-76	421	0
LS-76	422	0
LS-76	423	0
LS-76	424	0
LS-76	425	0
LS-76	426	0
LS-76	427	0
LS-76	428	0
LS-76	429	0
LS-76	430	0
LS-76	431	0
LS-76	432	0
LS-76	433	0
LS-76	434	0
LS-76	435	0
LS-76	436	0
LS-76	437	0
LS-76	438	0
LS-76	439	0
LS-76	440	0
LS-76	441	0
LS-76	442	0
LS-76	443	0
LS-76	444	0
LS-76	445	0
LS-76	446	0
LS-76	447	0
LS-76	448	0
LS-76	449	0
LS-76	450	0
LS-76	451	0
LS-76	452	0
LS-76	453	0
LS-76	454	0
LS-76	455	0
LS-76	456	0
LS-76	457	0
LS-76	458	0
LS-76	459	0
LS-76	460	0
LS-76	461	0
LS-76	462	0
LS-76	463	0
LS-76	464	0
LS-76	465	0
LS-76	466	0
LS-76	467	0
LS-76	468	0
LS-76	469	0
LS-76	470	0
LS-76	471	0
LS-76	472	0
LS-76	473	0
LS-76	474	0
LS-76	475	0
LS-76	476	0
LS-76	477	0
LS-76	478	0
LS-76	479	0
LS-76	480	0
LS-76	481	0
LS-76	482	0
LS-76	483	0
LS-76	484	0
LS-76	485	0
LS-76	486	0
LS-76	487	0
LS-76	488	0
LS-76	489	0
LS-76	490	0
LS-76	491	0
LS-76	492	0
LS-76	493	0
LS-76	494	0
LS-76	495	0
LS-76	496	0
LS-76	497	0
LS-76	498	0
LS-76	499	0
LS-76	500	0
LS-76	501	0
LS-76	502	0
LS-76	503	0
LS-76	504	0
LS-76	505	0
LS-76	506	0
LS-76	507	0
LS-76	508	0
LS-76	509	0
LS-76	510	0
LS-76	511	0
LS-76	512	6395899
LS-85	0	0
LS-85	1	0
LS-85	2	0
LS-85	3	0
LS-85	4	0
LS-85	5	0
LS-85	6	0
LS-85	7	0
LS-85	8	0
LS-85	9	0
LS-85	10	0
LS-85	11	0
LS-85	12	1154
LS-85	13	563
LS-85	14	275
LS-85	15	637
LS-85	16	351
LS-85	17	191
LS-85	18	185
LS-85	19	166
LS-85	20	231
LS-85	21	181
LS-85	22	163
LS-85	23	145
LS-85	24	129
LS-85	25	166
LS-85	26	138
LS-85	27	142
LS-85	28	118
LS-85	29	117
LS-85	30	323
LS-85	31	324
LS-85	32	321
LS-85	33	332
LS-85	34	351
LS-85	35	333
LS-85	36	357
LS-85	37	326
LS-85	38	396
LS-85	39	402
LS-85	40	387
LS-85	41	419
LS-85	42	455
LS-85	43	453
LS-85	44	513
LS-85	45	495
LS-85	46	545
LS-85	47	557
LS-85	48	646
LS-85	49	685
LS-85	50	677
LS-85	51	796
LS-85	52	830
LS-85	53	878
LS-85	54	943
LS-85	55	1037
LS-85	56	1136
LS-85	57	1258
LS-85	58	1412
LS-85	59	1504
LS-85	60	1598
LS-85	61	1777
LS-85	62	1907
LS-85	63	2131
LS-85	64	2281
LS-85	65	2381
LS-85	66	2794
LS-85	67	3029
LS-85	68	3344
LS-85	69	3790
LS-85	70	4000
LS-85	71	4429
LS-85	72	4869
LS-85	73	5331
LS-85	74	5647
LS-85	75	6272
LS-85	76	6924
LS-85	77	7357
LS-85	78	8263
LS-85	79	8966
LS-85	80	9808
LS-85	81	10586
LS-85	82	11536
LS-85	83	12423
LS-85	84	13340
LS-85	85	14626
LS-85	86	15818
LS-85	87	17359
LS-85	88	18847
LS-85	89	20181
LS-85	90	22123
LS-85	91	23538
LS-85	92	25344
LS-85	93	27127
LS-85	94	29218
LS-85	95	31355
LS-85	96	33541
LS-85	97	35806
LS-85	98	38292
LS-85	99	40683
LS-85	100	43384
LS-85	101	46101
LS-85	102	48620
LS-85	103	51646
LS-85	104	54784
LS-85	105	58279
LS-85	106	60759
LS-85	107	64390
LS-85	108	67886
LS-85	109	71188
LS-85	110	75085
LS-85	111	78029
LS-85	112	81363
LS-85	113	85366
LS-85	114	89069
LS-85	115	92851
LS-85	116	96925
LS-85	117	100494
LS-85	118	104474
LS-85	119	108424
LS-85	120	110788
LS-85	121	116080
LS-85	122	118602
LS-85	123	122977
LS-85	124	125719
LS-85	125	129506
LS-85	126	132662
LS-85	127	136715
LS-85	128	140000
LS-85	129	143818
LS-85	130	146874
LS-85	131	149165
LS-85	132	152848
LS-85	133	155720
LS-85	134	158153
LS-85	135	161498
LS-85	136	163484
LS-85	137	166372
LS-85	138	168044
LS-85	139	171333
LS-85	140	173377
LS-85	141	175823
LS-85	142	177785
LS-85	143	179957
LS-85	144	182002
LS-85	145	183223
LS-85	146	187218
LS-85	147	197508
LS-85	148	186724
LS-85	149	180701
LS-85	150	182105
LS-85	151	196368
LS-85	152	196904
LS-85	153	198303
LS-85	154	199122
LS-85	155	201773
LS-85	156	201719
LS-85	157	203064
LS-85	158	203430
LS-85	159	204749
LS-85	160	205609
LS-85	161	205886
LS-85	162	207971
LS-85	163	208400
LS-85	164	207934
LS-85	165	209140
LS-85	166	209077
LS-85	167	210970
LS-85	168	209709
LS-85	169	211204
LS-85	170	210143
LS-85	171	211416
LS-85	172	210940
LS-85	173	211443
LS-85	174	211205
LS-85	175	210711
LS-85	176	211506
LS-85	177	211695
LS-85	178	211800
LS-85	179	211415
LS-85	180	210616
LS-85	181	210201
LS-85	182	209870
LS-85	183	210364
LS-85	184	209287
LS-85	185	209080
LS-85	186	208361
LS-85	187	207814
LS-85	188	207723
LS-85	189	207497
LS-85	190	207877
LS-85	191	206342
LS-85	192	205611
LS-85	193	204018
LS-85	194	204596
LS-85	195	204068
LS-85	196	202536
LS-85	197	202320
LS-85	198	200018
LS-85	199	200267
LS-85	200	199959
LS-85	201	198878
LS-85	202	197958
LS-85	203	197097
LS-85	204	195752
LS-85	205	194792
LS-85	206	194035
LS-85	207	192686
LS-85	208	192352
LS-85	209	190917
LS-85	210	189901
LS-85	211	188190
LS-85	212	187055
LS-85	213	187032
LS-85	214	186058
LS-85	215	184297
LS-85	216	184423
LS-85	217	182111
LS-85	218	181298
LS-85	219	179892
LS-85	220	178850
LS-85	221	178019
LS-85	222	177865
LS-85	223	175543
LS-85	224	174864
LS-85	225	172925
LS-85	226	172062
LS-85	227	171159
LS-85	228	170115
LS-85	229	168699
LS-85	230	167153
LS-85	231	166696
LS-85	232	165445
LS-85	233	163449
LS-85	234	162886
LS-85	235	161274
LS-85	236	160170
LS-85	237	158655
LS-85	238	157484
LS-85	239	156530
LS-85	240	155534
LS-85	241	154071
LS-85	242	152593
LS-85	243	151278
LS-85	244	149904
LS-85	245	148711
LS-85	246	147815
LS-85	247	146362
LS-85	248	145072
LS-85	249	143953
LS-85	250	141892
LS-85	251	140373
LS-85	252	140222
LS-85	253	139302
LS-85	254	137301
LS-85	255	136016
LS-85	256	135541
LS-85	257	134463
LS-85	258	133555
LS-85	259	132383
LS-85	260	130119
LS-85	261	129054
LS-85	262	128619
LS-85	263	126314
LS-85	264	125376
LS-85	265	124536
LS-85	266	122934
LS-85	267	122146
LS-85	268	120839
LS-85	269	118823
LS-85	270	118233
LS-85	271	117190
LS-85	272	115365
LS-85	273	114176
LS-85	274	112988
LS-85	275	111912
LS-85	276	110712
LS-85	277	109138
LS-85	278	107515
LS-85	279	106459
LS-85	280	105287
LS-85	281	103511
LS-85	282	102551
LS-85	283	100765
LS-85	284	98403
LS-85	285	95947
LS-85	286	90684
LS-85	287	86845
LS-85	288	77654
LS-85	289	0
LS-85	290	0
LS-85	291	0
LS-85	292	0
LS-85	293	0
LS-85	294	0
LS-85	295	0
LS-85	296	0
LS-85	297	0
LS-85	298	0
LS-85	299	0
LS-85	300	0
LS-85	301	0
LS-85	302	0
LS-85	303	0
LS-85	304	0
LS-85	305	0
LS-85	306	0
LS-85	307	0
LS-85	308	0
LS-85	309	0
LS-85	310	0
LS-85	311	0
LS-85	312	0
LS-85	313	0
LS-85	314	0
LS-85	315	0
LS-85	316	0
LS-85	317	0
LS-85	318	0
LS-85	319	0
LS-85	320	0
LS-85	321	0
LS-85	322	0
LS-85	323	0
LS-85	324	0
LS-85	325	0
LS-85	326	0
LS-85	327	0
LS-85	328	0
LS-85	329	0
LS-85	330	0
LS-85	331	0
LS-85	332	0
LS-85	333	0
LS-85	334	0
LS-85	335	0
LS-85	336	0
LS-85	337	0
LS-85	338	0
LS-85	339	0
LS-85	340	0
LS-85	341	0
LS-85	342	0
LS-85	343	0
LS-85	344	0
LS-85	345	0
LS-85	346	0
LS-85	347	0
LS-85	348	0
LS-85	349	0
LS-85	350	0
LS-85	351	0
LS-85	352	0
LS-85	353	0
LS-85	354	0
LS-85	355	0
LS-85	356	0
LS-85	357	0
LS-85	358	0
LS-85	359	0
LS-85	360	0
LS-85	361	0
LS-85	362	0
LS-85	363	0
LS-85	364	0
LS-85	365	0
LS-85	366	0
LS-85	367	0
LS-85	368	0
LS-85	369	0
LS-85	370	0
LS-85	371	0
LS-85	372	0
LS-85	373	0
LS-85	374	0
LS-85	375	0
LS-85	376	0
LS-85	377	0
LS-85	378	0
LS-85	379	0
LS-85	380	0
LS-85	381	0
LS-85	382	0
LS-85	383	0
LS-85	384	0
LS-85	385	0
LS-85	386	0
LS-85	387	0
LS-85	388	0
LS-85	389	0
LS-85	390	0
LS-85	391	0
LS-85	392	0
LS-85	393	0
LS-85	394	0
LS-85	395	0
LS-85	396	0
LS-85	397	0
LS-85	398	0
LS-85	399	0
LS-85	400	0
LS-85	401	0
LS-85	402	0
LS-85	403	0
LS-85	404	0
LS-85	405	0
LS-85	406	0
LS-85	407	0
LS-85	408	0
LS-85	409	0
LS-85	410	0
LS-85	411	0
LS-85	412	0
LS-85	413	0
LS-85	414	0
LS-85	415	0
LS-85	416	0
LS-85	417	0
LS-85	418	0
LS-85	419	0
LS-85	420	0
LS-85	421	0
LS-85	422	0
LS-85	423	0
LS-85	424	0
LS-85	425	0
LS-85	426	0
LS-85	427	0
LS-85	428	0
LS-85	429	0
LS-85	430	0
LS-85	431	0
LS-85	432	0
LS-85	433	0
LS-85	434	0
LS-85	435	0
LS-85	436	0
LS-85	437	0
LS-85	438	0
LS-85	439	0
LS-85	440	0
LS-85	441	0
LS-85	442	0
LS-85	443	0
LS-85	444	0
LS-85	445	0
LS-85	446	0
LS-85	447	0
LS-85	448	0
LS-85	449	0
LS-85	450	0
LS-85	451	0
LS-85	452	0
LS-85	453	0
LS-85	454	0
LS-85	455	0
LS-85	456	0
LS-85	457	0
LS-85	458	0
LS-85	459	0
LS-85	460	0
LS-85	461	0
LS-85	462	0
LS-85	463	0
LS-85	464	0
LS-85	465	0
LS-85	466	0
LS-85	467	0
LS-85	468	0
LS-85	469	0
LS-85	470	0
LS-85	471	0
LS-85	472	0
LS-85	473	0
LS-85	474	0
LS-85	475	0
LS-85	476	0
LS-85	477	0
LS-85	478	0
LS-85	479	0
LS-85	480	0
LS-85	481	0
LS-85	482	0
LS-85	483	0
LS-85	484	0
LS-85	485	0
LS-85	486	0
LS-85	487	0
LS-85	488	0
LS-85	489	0
LS-85	490	0
LS-85	491	0
LS-85	492	0
LS-85	493	0
LS-85	494	0
LS-85	495	0
LS-85	496	0
LS-85	497	0
LS-85	498	0
LS-85	499	0
LS-85	500	0
LS-85	501	0
LS-85	502	0
LS-85	503	0
LS-85	504	0
LS-85	505	0
LS-85	506	0
LS-85	507	0
LS-85	508	0
LS-85	509	0
LS-85	510	0
LS-85	511	0
LS-85	512	9144284
LS-93	0	0
LS-93	1	0
LS-93	2	0
LS-93	3	0
LS-93	4	0
LS-93	5	0
LS-93	6	0
LS-93	7	0
LS-93	8	0
LS-93	9	0
LS-93	10	0
LS-93	11	0
LS-93	12	1428
LS-93	13	672
LS-93	14	344
LS-93	15	790
LS-93	16	416
LS-93	17	325
LS-93	18	222
LS-93	19	181
LS-93	20	250
LS-93	21	207
LS-93	22	192
LS-93	23	196
LS-93	24	163
LS-93	25	199
LS-93	26	201
LS-93	27	150
LS-93	28	165
LS-93	29	136
LS-93	30	333
LS-93	31	335
LS-93	32	352
LS-93	33	321
LS-93	34	355
LS-93	35	352
LS-93	36	342
LS-93	37	321
LS-93	38	361
LS-93	39	360
LS-93	40	407
LS-93	41	404
LS-93	42	429
LS-93	43	440
LS-93	44	440
LS-93	45	494
LS-93	46	520
LS-93	47	523
LS-93	48	564
LS-93	49	613
LS-93	50	675
LS-93	51	699
LS-93	52	750
LS-93	53	853
LS-93	54	905
LS-93	55	934
LS-93	56	988
LS-93	57	1136
LS-93	58	1274
LS-93	59	1227
LS-93	60	1368
LS-93	61	1539
LS-93	62	1663
LS-93	63	1808
LS-93	64	1944
LS-93	65	2085
LS-93	66	2414
LS-93	67	2665
LS-93	68	2998
LS-93	69	3212
LS-93	70	3554
LS-93	71	3872
LS-93	72	4183
LS-93	73	4368
LS-93	74	5012
LS-93	75	5530
LS-93	76	6044
LS-93	77	6520
LS-93	78	7015
LS-93	79	7746
LS-93	80	8612
LS-93	81	9353
LS-93	82	10124
LS-93	83	10931
LS-93	84	11824
LS-93	85	13013
LS-93	86	14156
LS-93	87	15269
LS-93	88	16449
LS-93	89	17763
LS-93	90	19553
LS-93	91	20583
LS-93	92	22514
LS-93	93	24046
LS-93	94	25688
LS-93	95	27624
LS-93	96	29845
LS-93	97	31808
LS-93	98	34331
LS-93	99	36324
LS-93	100	38948
LS-93	101	41245
LS-93	102	44041
LS-93	103	46187
LS-93	104	49134
LS-93	105	52521
LS-93	106	54911
LS-93	107	58257
LS-93	108	61110
LS-93	109	63885
LS-93	110	67668
LS-93	111	70373
LS-93	112	73863
LS-93	113	77310
LS-93	114	80694
LS-93	115	84154
LS-93	116	87933
LS-93	117	91727
LS-93	118	95141
LS-93	119	98068
LS-93	120	101335
LS-93	121	104852
LS-93	122	108681
LS-93	123	112522
LS-93	124	115594
LS-93	125	118409
LS-93	126	122542
LS-93	127	124948
LS-93	128	128256
LS-93	129	132106
LS-93	130	134681
LS-93	131	137538
LS-93	132	141388
LS-93	133	143517
LS-93	134	147280
LS-93	135	149426
LS-93	136	151662
LS-93	137	154999
LS-93	138	157816
LS-93	139	160639
LS-93	140	162197
LS-93	141	165105
LS-93	142	166367
LS-93	143	169953
LS-93	144	171605
LS-93	145	173737
LS-93	146	176702
LS-93	147	188637
LS-93	148	178382
LS-93	149	171959
LS-93	150	174400
LS-93	151	187231
LS-93	152	189448
LS-93	153	191024
LS-93	154	192282
LS-93	155	194279
LS-93	156	196113
LS-93	157	197923
LS-93	158	199691
LS-93	159	201188
LS-93	160	201726
LS-93	161	202761
LS-93	162	204620
LS-93	163	205189
LS-93	164	207192
LS-93	165	207639
LS-93	166	209373
LS-93	167	210170
LS-93	168	210612
LS-93	169	211627
LS-93	170	212338
LS-93	171	212370
LS-93	172	213498
LS-93	173	214445
LS-93	174	215374
LS-93	175	217263
LS-93	176	216756
LS-93	177	217484
LS-93	178	218082
LS-93	179	217692
LS-93	180	217827
LS-93	181	217990
LS-93	182	218877
LS-93	183	219195
LS-93	184	219039
LS-93	185	218956
LS-93	186	219244
LS-93	187	219672
LS-93	188	219828
LS-93	189	219485
LS-93	190	218776
LS-93	191	219412
LS-93	192	219770
LS-93	193	218583
LS-93	194	217466
LS-93	195	218248
LS-93	196	218294
LS-93	197	218101
LS-93	198	217180
LS-93	199	216776
LS-93	200	216323
LS-93	201	215719
LS-93	202	214836
LS-93	203	214461
LS-93	204	214734
LS-93	205	213669
LS-93	206	212780
LS-93	207	212106
LS-93	208	212508
LS-93	209	211278
LS-93	210	209812
LS-93	211	209377
LS-93	212	208439
LS-93	213	207991
LS-93	214	207528
LS-93	215	205634
LS-93	216	204969
LS-93	217	204661
LS-93	218	204356
LS-93	219	202733
LS-93	220	201592
LS-93	221	200546
LS-93	222	199809
LS-93	223	197676
LS-93	224	196840
LS-93	225	196723
LS-93	226	195084
LS-93	227	194279
LS-93	228	193495
LS-93	229	191496
LS-93	230	190424
LS-93	231	190047
LS-93	232	188922
LS-93	233	187925
LS-93	234	186517
LS-93	235	185102
LS-93	236	183390
LS-93	237	182221
LS-93	238	182347
LS-93	239	180186
LS-93	240	178589
LS-93	241	178537
LS-93	242	176311
LS-93	243	176132
LS-93	244	174401
LS-93	245	171998
LS-93	246	170697
LS-93	247	170588
LS-93	248	168020
LS-93	249	167659
LS-93	250	166921
LS-93	251	165005
LS-93	252	164549
LS-93	253	162752
LS-93	254	161604
LS-93	255	159450
LS-93	256	158096
LS-93	257	157420
LS-93	258	155916
LS-93	259	154851
LS-93	260	152939
LS-93	261	152382
LS-93	262	151300
LS-93	263	149969
LS-93	264	148254
LS-93	265	146916
LS-93	266	144794
LS-93	267	143768
LS-93	268	142164
LS-93	269	141871
LS-93	270	139700
LS-93	271	139269
LS-93	272	137493
LS-93	273	136000
LS-93	274	134855
LS-93	275	133392
LS-93	276	132060
LS-93	277	130687
LS-93	278	128719
LS-93	279	128193
LS-93	280	126809
LS-93	281	124375
LS-93	282	122561
LS-93	283	120719
LS-93	284	119472
LS-93	285	116576
LS-93	286	109922
LS-93	287	104715
LS-93	288	95538
LS-93	289	0
LS-93	290	0
LS-93	291	0
LS-93	292	0
LS-93	293	0
LS-93	294	0
LS-93	295	0
LS-93	296	0
LS-93	297	0
LS-93	298	0
LS-93	299	0
LS-93	300	0
LS-93	301	0
LS-93	302	0
LS-93	303	0
LS-93	304	0
LS-93	305	0
LS-93	306	0
LS-93	307	0
LS-93	308	0
LS-93	309	0
LS-93	310	0
LS-93	311	0
LS-93	312	0
LS-93	313	0
LS-93	314	0
LS-93	315	0
LS-93	316	0
LS-93	317	0
LS-93	318	0
LS-93	319	0
LS-93	320	0
LS-93	321	0
LS-93	322	0
LS-93	323	0
LS-93	324	0
LS-93	325	0
LS-93	326	0
LS-93	327	0
LS-93	328	0
LS-93	329	0
LS-93	330	0
LS-93	331	0
LS-93	332	0
LS-93	333	0
LS-93	334	0
LS-93	335	0
LS-93	336	0
LS-93	337	0
LS-93	338	0
LS-93	339	0
LS-93	340	0
LS-93	341	0
LS-93	342	0
LS-93	343	0
LS-93	344	0
LS-93	345	0
LS-93	346	0
LS-93	347	0
LS-93	348	0
LS-93	349	0
LS-93	350	0
LS-93	351	0
LS-93	352	0
LS-93	353	0
LS-93	354	0
LS-93	355	0
LS-93	356	0
LS-93	357	0
LS-93	358	0
LS-93	359	0
LS-93	360	0
LS-93	361	0
LS-93	362	0
LS-93	363	0
LS-93	364	0
LS-93	365	0
LS-93	366	0
LS-93	367	0
LS-93	368	0
LS-93	369	0
LS-93	370	0
LS-93	371	0
LS-93	372	0
LS-93	373	0
LS-93	374	0
LS-93	375	0
LS-93	376	0
LS-93	377	0
LS-93	378	0
LS-93	379	0
LS-93	380	0
LS-93	381	0
LS-93	382	0
LS-93	383	0
LS-93	384	0
LS-93	385	0
LS-93	386	0
LS-93	387	0
LS-93	388	0
LS-93	389	0
LS-93	390	0
LS-93	391	0
LS-93	392	0
LS-93	393	0
LS-93	394	0
LS-93	395	0
LS-93	396	0
LS-93	397	0
LS-93	398	0
LS-93	399	0
LS-93	400	0
LS-93	401	0
LS-93	402	0
LS-93	403	0
LS-93	404	0
LS-93	405	0
LS-93	406	0
LS-93	407	0
LS-93	408	0
LS-93	409	0
LS-93	410	0
LS-93	411	0
LS-93	412	0
LS-93	413	0
LS-93	414	0
LS-93	415	0
LS-93	416	0
LS-93	417	0
LS-93	418	0
LS-93	419	0
LS-93	420	0
LS-93	421	0
LS-93	422	0
LS-93	423	0
LS-93	424	0
LS-93	425	0
LS-93	426	0
LS-93	427	0
LS-93	428	0
LS-93	429	0
LS-93	430	0
LS-93	431	0
LS-93	432	0
LS-93	433	0
LS-93	434	0
LS-93	435	0
LS-93	436	0
LS-93	437	0
LS-93	438	0
LS-93	439	0
LS-93	440	0
LS-93	441	0
LS-93	442	0
LS-93	443	0
LS-93	444	0
LS-93	445	0
LS-93	446	0
LS-93	447	0
LS-93	448	0
LS-93	449	0
LS-93	450	0
LS-93	451	0
LS-93	452	0
LS-93	453	0
LS-93	454	0
LS-93	455	0
LS-93	456	0
LS-93	457	0
LS-93	458	0
LS-93	459	0
LS-93	460	0
LS-93	461	0
LS-93	462	0
LS-93	463	0
LS-93	464	0
LS-93	465	0
LS-93	466	0
LS-93	467	0
LS-93	468	0
LS-93	469	0
LS-93	470	0
LS-93	471	0
LS-93	472	0
LS-93	473	0
LS-93	474	0
LS-93	475	0
LS-93	476	0
LS-93	477	0
LS-93	478	0
LS-93	479	0
LS-93	480	0
LS-93	481	0
LS-93	482	0
LS-93	483	0
LS-93	484	0
LS-93	485	0
LS-93	486	0
LS-93	487	0
LS-93	488	0
LS-93	489	0
LS-93	490	0
LS-93	491	0
LS-93	492	0
LS-93	493	0
LS-93	494	0
LS-93	495	0
LS-93	496	0
LS-93	497	0
LS-93	498	0
LS-93	499	0
LS-93	500	0
LS-93	501	0
LS-93	502	0
LS-93	503	0
LS-93	504	0
LS-93	505	0
LS-93	506	0
LS-93	507	0
LS-93	508	0
LS-93	509	0
LS-93	510	0
LS-93	511	0
LS-93	512	11388948
